tour_id,logsum
20976574,-2.5460472302926864
20976615,-0.2861513413978223
20976697,-0.28941810601880974
