alternative,utility
tour_id,20976638.0
adults,7.11814392125234
children,11.95902317110449
mixed,12.254040637984872
