alternative,utility
household_id,203307.0
cars0,0.0
cars1,3.948472716073569
cars2,6.29463636467248
cars3,6.4951686047915596
cars4,5.157426689083537
