trip_id,logsum
167813105,-0.6119943601848749
167813109,-0.6821801447602563
167813073,0.8735954043838329
167813077,0.861664316876982
167812593,-2.6365612450439317
167812597,-2.342894279337755
167812598,-2.542161757225248
167812921,-1.3125996957821169
167812925,-1.3427360786280886
167813577,-1.2211905365598446
167813581,-1.2211905365598446
167814297,-2.506635096980216
167814301,-1.6097651596336215
