alternative,probability
tour_id,20976638.0
adults,0.0033602454590646483
children,0.42534188228554126
mixed,0.571297872255394
