person_id,logsum
511625,13.847861295705853
511628,13.803802910741892
