alternative,probability
household_id,203307.0
cars0,0.0006992187364247895
cars1,0.036258761839796566
cars2,0.37873801267465923
cars3,0.46283792867057033
cars4,0.1214660780785491
