person_id,rand
511623,0.08947060073320179
511624,0.7323183706653693
511626,0.42962712327410135
