alternative,utility_1,utility_2,utility_3
participant_id,2097663803.0,2097663804.0,2097663805.0
participate,-1.17890003323555,-1.17890003323555,-1.17890003323555
not_participate,0.0,0.0,0.0
