participant_id,rand
2097663803,0.3291186129205893
2097663804,0.04280417140670523
2097663805,0.17800520192198255
