alternative,probability
tour_id,20976787.0
no_subtours,0.7140170833818392
eat,0.2295097062145022
business1,0.03359906350321822
maint,0.020972744070820056
business2,0.0004808496616514421
eat_business,0.0014205531679689488
