alternative,probability_1,probability_2,probability_3,probability_4
person_id,511623.0,511624.0,511626.0,511628.0
work1,0.0,0.0,0.0,0.9723502642830347
work2,0.0,0.0,0.0,0.027649735716965315
school1,0.9834775696601902,0.9634756476499102,0.9592450000640808,0.0
school2,0.016522430339809758,0.036524352350089835,0.04075499993591914,0.0
work_and_school,0.0,0.0,0.0,0.0
