tour_id,rand
20976574,0.6032554631590307
20976615,0.45905096496074094
20976697,0.4954899075236874
