alternative,probability_1,probability_2
person_id,511625.0,511628.0
free,0.1271606762671269,0.1271606762671269
pay,0.8728393237328732,0.8728393237328732
