alternative,probability_1,probability_2,probability_3
participant_id,2097663803.0,2097663804.0,2097663805.0
participate,0.23525003082353796,0.23525003082353796,0.23525003082353796
not_participate,0.764749969176462,0.764749969176462,0.764749969176462
