alternative,utility_1,utility_2,utility_3,utility_4
person_id,511623.0,511624.0,511626.0,511628.0
work1,-999.2319999933243,-999.2319999933243,-999.0582999885082,0.0
work2,-1998.0,-1998.0,-1998.0,-3.5600999239832163
school1,0.0,0.0,0.0,-998.1856999769807
school2,-4.086375958646439,-3.272567986860283,-3.158567986800678,-1998.0
work_and_school,-1998.0,-1998.0,-1998.0,-999.392100003548
