alternative,utility
tour_id,20976638.0
0out_0in,0.0
0out_1in,-1.119600004196167
0out_2in,-2.586600004196167
0out_3in,-3.1696000041961665
1out_0in,-2.4936000041961672
1out_1in,-3.8226000041961674
1out_2in,-5.289600004196167
1out_3in,-5.354600004196167
2out_0in,-4.7776000041961675
2out_1in,-6.106600004196167
2out_2in,-7.055600004196168
2out_3in,-6.659600004196168
3out_0in,-5.7086000041961675
3out_1in,-6.5196000041961675
3out_2in,-7.007600004196168
3out_3in,-7.590600004196167
