person_id,rand
511623,0.359269486399152
511624,0.3852155427516222
511626,0.8173520880396566
511628,0.6938504656921904
