alternative,utility_1,utility_2
person_id,511625.0,511628.0
free,-1.9263000339269638,-1.9263000339269638
pay,0.0,0.0
