alternative,utility
tour_id,20976634.0
0out_0in,0.0
0out_1in,-1.6503000001907346
0out_2in,-3.092300000190735
0out_3in,-3.7063000001907342
1out_0in,-2.8553000001907347
1out_1in,-3.8233000001907347
1out_2in,-5.265300000190734
1out_3in,-5.879300000190734
2out_0in,-4.976300000190734
2out_1in,-5.944300000190734
2out_2in,-7.386300000190734
2out_3in,-9.807300000190734
3out_0in,-5.440300000190735
3out_1in,-6.408300000190735
3out_2in,-9.657300000190736
3out_3in,-10.271300000190735
