trip_id,rand
167813105,0.5951126689763028
167813109,0.4143252168177505
167813073,0.9938092207047408
167813077,0.49085757395920004
167812593,0.3164897866633649
167812597,0.2376162445541986
167812598,0.09400402692207821
167812921,0.3503893430408409
167812925,0.42252890718556935
167813577,0.85725969922304
167813581,0.0022002992134652066
167814297,0.9901090156553086
167814301,0.9412880075667741
