tour_id,rand
20976574,0.8285249314716933
20976615,0.5539622667133695
20976697,0.2063372448990204
