alternative,utility
tour_id,20976787.0
no_subtours,-0.6000000238418579
eat,-1.7349615907203804
business1,-3.6564087175476097
maint,-4.127683218869919
business2,-7.903107523670991
eat_business,-6.8198605615362435
