alternative,utility
tour_id,20976787.0
0out_0in,0.0
0out_1in,-1001.8952000045776
0out_2in,-1003.2252000045776
0out_3in,-1003.5892000045776
1out_0in,-1002.2832000045776
1out_1in,-1002.7282000045776
1out_2in,-1004.0582000045775
1out_3in,-1004.4222000045776
2out_0in,-1004.0632000045777
2out_1in,-1004.5082000045777
2out_2in,-1005.8382000045776
2out_3in,-1005.5072000045776
3out_0in,-1005.3842000045777
3out_1in,-1005.8292000045777
3out_2in,-1006.4642000045776
3out_3in,-1006.8282000045776
