person_id,rand
511623,0.30028901329081104
511624,0.5083776583440531
511626,0.41087532089078194
