trip_id,rand
167812597,0.20203674954945183
167812597,0.20203674954945183
