person_id,rand
511625,0.7865935238108182
511628,0.05015653335677772
