person_id,rand
511625,0.09527808087194611
511628,0.13026843361899754
