tour_id,rand
20976574,0.7656948802608143
20976615,0.1915767765437576
20976697,0.9618103417165422
