alternative,utility
tour_id,93102765.0
0out_0in,0.0
0out_1in,-1.642556758880615
0out_2in,-3.578556758880615
0out_3in,-4.598556758880615
1out_0in,-2.071556758880615
1out_1in,-3.8325567588806146
1out_2in,-5.7685567588806155
1out_3in,-5.8485567588806155
2out_0in,-4.397556758880615
2out_1in,-6.158556758880615
2out_2in,-7.154556758880615
2out_3in,-7.088556758880614
3out_0in,-5.136556758880615
3out_1in,-5.9575567588806155
3out_2in,-6.807556758880615
3out_3in,-7.827556758880615
