tour_id,rand
93102716,0.040881500850614594
93102839,0.40629102595705613
