alternative,utility
household_id,866761.0
cars0,0.0
cars1,0.0990409660318119
cars2,2.2734119040804206
cars3,0.9850506054239163
cars4,-0.9793946791020034
