alternative,probability
tour_id,93102746.0
DRIVEALONEFREE,0.0
DRIVEALONEPAY,0.0
SHARED2FREE,0.06737605763486114
SHARED2PAY,0.06681980705780213
SHARED3FREE,0.02260433298423458
SHARED3PAY,0.022473537112202107
WALK,0.0036316404508467456
BIKE,0.15405420611709478
WALK_LOC,0.5309465105835298
WALK_LRF,0.0
WALK_EXP,0.0
WALK_HVY,0.0
WALK_COM,0.0
DRIVE_LOC,0.0
DRIVE_LRF,0.0
DRIVE_EXP,0.0
DRIVE_HVY,0.0
DRIVE_COM,0.0
TAXI,0.016817503901581963
TNC_SINGLE,0.08883163632656105
TNC_SHARED,0.026444767831285628
