alternative,utility_1,utility_2
tour_id,93102716.0,93102839.0
no_subtours,-0.6000000238418579,-0.6000000238418579
eat,-2.127932032987171,-2.6725987408299408
business1,-4.818413938159923,-5.219710310853787
maint,-3.674429943993054,-4.257399051996995
business2,-9.548996428174705,-10.351589173562434
eat_business,-8.374914666569643,-9.320877747106278
