trip_id,rand
744821733,0.6938086159218505
744822713,0.5817129971363229
744822717,0.5278287944262631
744822125,0.7991154190664592
744822126,0.7996501055753188
