trip_id,logsum
744821733,12.390745570528386
744822713,11.54975646829727
744822717,11.270921753538127
