person_id,rand
2270797,0.35926525538606047
2270800,0.3210365410475733
