alternative,probability_1,probability_2
person_id,2270797.0,2270800.0
free,0.020506372969076418,0.020506372969076418
pay,0.9794936270309236,0.9794936270309236
