label,value
trip_id,744822125.0
HR5,0.0
HR6,0.0
HR7,0.0
HR8,0.0
HR9,0.0
HR10,0.0
HR11,0.0
HR12,0.0
HR13,0.0
HR14,0.0
HR15,0.0
HR16,0.0
HR17,0.004171801
HR18,0.008609329
HR19,0.045440515
HR20,0.297500935
HR21,0.642285332
HR22,0.0
HR23,0.0
fail,0.0019920879999999475
