alternative,probability
household_id,866761.0
cars0,0.06724913525412823
cars1,0.07425054559646971
cars2,0.653156042888445
cars3,0.18008964688287393
cars4,0.025254629378083225
