trip_id,rand
744822121,0.09494933667834282
744822125,0.3909363442522671
744822126,0.13248386237460663
744822127,0.44919764079954794
744821969,0.15993129033519593
744821973,0.8199074024489605
744822321,0.27131498244741004
744822325,0.535393942100077
744821729,0.7698606351327649
744821733,0.8891468453581516
744821734,0.07964411849560693
744822713,0.8923816493188398
744822714,0.8377571607102351
744822717,0.9912988594865679
744822718,0.9436199698934151
