trip_id,logsum
744822121,-1.3295196947622494
744822125,1.5546349913022617
744822126,-0.7493494575285913
744822127,1.1954040422131906
744821969,0.9451445872858808
744821973,0.9231249955022983
744822321,-1.3113214630036893
744822325,-0.9665351436417886
744821729,-0.1360488023697789
744821733,-0.691122842097265
744821734,-0.11042862397175679
744822713,0.16061133044658102
744822714,0.15558078105147946
744822717,0.13274347279291462
744822718,0.027263917650378642
