person_id,rand
2270798,0.11444465118567826
2270799,0.8161860913093416
