trip_id,rand
744822125,0.4117448780589871
744822125,0.4117448780589871
