trip_id,rand
744821733,0.5085783349829446
744822713,0.7672513772537596
744822717,0.23286421250325262
