alternative,probability_1,probability_2
tour_id,93102716.0,93102839.0
no_subtours,0.7821838057558071,0.8607816423345501
eat,0.16972131179988578,0.10833650237302098
business1,0.011515291460535468,0.008483563417649673
maint,0.03614938147495825,0.022207761274529815
business2,0.00010158019990213216,5.009929780665967e-05
eat_business,0.00032862930891134793,0.00014043130244282602
