tour_id,logsum
93102716,4.517592567516183
93102839,5.768989146689454
