person_id,rand
2270797,0.34285566522841393
2270800,0.923278396425784
