alternative,probability_1,probability_2,probability_3
person_id,2270797.0,2270799.0,2270800.0
work1,0.9926151805010782,0.0,0.9841868921316984
work2,0.007384819498921837,0.0,0.01581310786830153
school1,0.0,0.9963637180040459,0.0
school2,0.0,0.00363628199595418,0.0
work_and_school,0.0,0.0,0.0
