person_id,rand
2270797,0.40626308316193516
2270799,0.7137659738935284
2270800,0.2788165453181186
