alternative,utility
tour_id,93102746.0
0out_0in,0.0
0out_1in,-0.725871417593956
0out_2in,-1.620871417593956
0out_3in,-2.602871417593956
1out_0in,-1.901871417593956
1out_1in,-2.4868714175939557
1out_2in,-3.381871417593956
1out_3in,-3.9498714175939553
2out_0in,-3.801871417593956
2out_1in,-4.386871417593956
2out_2in,-4.867871417593957
2out_3in,-5.775871417593956
3out_0in,-5.566871417593957
3out_1in,-5.737871417593956
3out_2in,-6.558871417593956
3out_3in,-7.540871417593956
