tour_id,rand
93102716,0.6146955998293628
93102839,0.8952903705917197
