person_id,rand
2270797,0.6181224252442257
2270800,0.09326834254694372
