alternative,utility_1,utility_2
person_id,2270797.0,2270800.0
free,-3.866300016641617,-3.866300016641617
pay,0.0,0.0
