tour_id,rand
93102716,0.6443501537735646
93102839,0.4231437820799818
