tour_id,rand
93102746,0.6902742997583434
93102765,0.15194089520267307
