trip_id,rand
744821733,0.27306486543027664
744822126,0.48857935729798574
744822717,0.6339602901020577
744821733,0.27306486543027664
744822126,0.48857935729798574
744822717,0.6339602901020577
