tour_id,rand
93102716,0.23696369307627396
93102839,0.6203172294627328
