trip_id,rand
744822714,0.18241590646648476
744822714,0.18241590646648476
