person_id,logsum
2270797,13.05248857316184
2270800,13.131811513307815
