alternative,probability
tour_id,93102765.0
DRIVEALONEFREE,0.0
DRIVEALONEPAY,0.0
SHARED2FREE,0.0026465748015503878
SHARED2PAY,0.0025755143477874014
SHARED3FREE,0.01834766724140089
SHARED3PAY,0.018001417951108503
WALK,0.0
BIKE,0.044841290385576
WALK_LOC,0.8399734738495085
WALK_LRF,0.0
WALK_EXP,0.0
WALK_HVY,0.0
WALK_COM,0.0
DRIVE_LOC,0.0
DRIVE_LRF,0.0
DRIVE_EXP,0.0
DRIVE_HVY,0.0
DRIVE_COM,0.0
TAXI,6.526068729148137e-05
TNC_SINGLE,0.01674360717918913
TNC_SHARED,0.05680519355658763
