alternative,utility_1,utility_2,utility_3
person_id,2270797.0,2270799.0,2270800.0
work1,0.0,-998.7863999903202,0.0
work2,-4.900916582607354,-1998.0,-4.130976602032805
school1,-998.7094999849796,0.0,-998.8686999827623
school2,-1998.0,-5.613150639691065,-1998.0
work_and_school,-1001.240033368228,-1998.0,-1000.7395973817919
