alternative,utility
tour_id,93102790.0
0out_0in,0.0
0out_1in,-3.138552839040756
0out_2in,-4.604552839040756
0out_3in,-5.296552839040756
1out_0in,-4.055552839040756
1out_1in,-5.261552839040756
1out_2in,-6.727552839040756
1out_3in,-6.718552839040756
2out_0in,-5.730552839040756
2out_1in,-6.936552839040757
2out_2in,-7.701552839040756
2out_3in,-7.959552839040757
3out_0in,-7.782552839040756
3out_1in,-8.287552839040757
3out_2in,-9.319552839040757
3out_3in,-10.011552839040757
