age_category,income_category,rate
0,0,0.05809568706204504
0,1,0.8016840702043432
0,2,0.16426465461946071
1,0,0.7340334864390957
1,1,0.2476769445257141
1,2,0.7762954422303574
2,0,0.6277025382311457
2,1,0.8702019153309846
2,2,0.7775679390049396
3,0,0.4156742743826347
3,1,0.4854647643744091
3,2,0.05851775817090976
