,0_days,1_days,2-3_days,4+_days
0,0.2574175,0.23411,0.2570015,0.251471