trip_id,logsum
387287301,8.385370637139209
387287625,10.005525773014506
