alternative,utility_1,utility_2
tour_id,48410912.0,48410953.0
no_subtours,-0.6000000238418579,-0.6000000238418579
eat,-1.2478769620962584,-1.3744769593782866
business1,-2.6504162818861174,-2.7637162775468993
maint,-2.959571282420592,-3.107471282635169
business2,-5.891118559340029,-6.117718550661593
eat_business,-5.3267794041282865,-5.566679426873419
