tour_id,rand
48410912,0.624665869052962
48410953,0.5995840921945838
