tour_id,rand
48410912,0.5065350514534361
48410953,0.7748034164446266
