person_id,rand
1180753,0.08622206209474947
1180754,0.5826487859624339
