tour_id,rand
48410912,0.8655129910913484
48410953,0.45776287414373595
