alternative,utility_1,utility_2,utility_3
person_id,1180752.0,1180753.0,1180754.0
work1,-1998.0,0.0,0.0
work2,-1998.0,-3.994544931168221,-3.634994920521714
school1,0.0,-998.9321999922395,-999.0913999900222
school2,-999.0,-1998.0,-1998.0
work_and_school,-1998.0,-999.9207979954443,-999.4463780045612
