tour_id,logsum
48410912,-0.9434598892574753
48410953,-0.2822704024159821
