person_id,logsum
1180753,13.694958406839737
1180754,13.70945737419383
