alternative,utility
household_id,456291.0
cars0,0.0
cars1,3.7360132791070644
cars2,6.798267332762749
cars3,5.610277628603679
cars4,4.221649466695585
