alternative,utility
tour_id,48410873.0
0out_0in,0.0
0out_1in,-1.962199998855591
0out_2in,-3.679199998855591
0out_3in,-4.501199998855591
1out_0in,-2.187199998855591
1out_1in,-5.858199998855591
1out_2in,-7.575199998855591
1out_3in,-6.270199998855591
2out_0in,-4.0001999988555905
2out_1in,-7.671199998855591
2out_2in,-7.261199998855591
2out_3in,-8.08319999885559
3out_0in,-5.6521999988555915
3out_1in,-7.196199998855593
3out_2in,-8.913199998855593
3out_3in,-9.735199998855592
