person_id,rand
1180752,0.3988725951097547
1180753,0.5834543243402551
1180754,0.3590300652644388
