trip_id,rand
387286909,0.4100571140626207
387287301,0.8390203938302515
387286909,0.4100571140626207
387287301,0.8390203938302515
