alternative,utility_1,utility_2
person_id,1180753.0,1180754.0
free,-2.4103000313043594,-2.4103000313043594
pay,0.0,0.0
