alternative,probability_1,probability_2
tour_id,48410912.0,48410953.0
no_subtours,0.5681210038378449,0.5994135077583239
eat,0.29721550825906107,0.2762965525238588
business1,0.07310656512495615,0.06887101699929767
maint,0.053665115511138645,0.04883661951274998
business2,0.0028611278363186513,0.002406643801127438
eat_business,0.005030679430680657,0.004175659404642231
