trip_id,rand
387286909,0.3859181019097149
387287301,0.7613956911177355
387287625,0.7324097957667587
