alternative,probability
household_id,456291.0
cars0,0.0007808904631483335
cars1,0.03274312079897558
cars2,0.6999066309104501
cars3,0.21335495573859542
cars4,0.05321440208883043
