activity,person_1,person_2,person_3
person_id,1180752.0,1180753.0,1180754.0
M,0.601031189,2.9156063501196825,3.0415063501196826
N,-0.025486425035615195,0.622662391,0.622662391
H,-0.6186,0.0,0.0
household_id,456291.0,456291.0,456291.0
ptype,8.0,1.0,1.0
cdap_rank,3.0,1.0,2.0
hhsize,3.0,3.0,3.0
