trip_id,rand
387287626,0.038571062816988966
387287626,0.038571062816988966
