alternative,utility
tour_id,48410863.0
0out_0in,0.0
0out_1in,0.5501040802001953
0out_2in,-0.9158959197998044
0out_3in,-1.6078959197998046
1out_0in,-0.36689591979980496
1out_1in,-1.572895919799805
1out_2in,-3.0388959197998044
1out_3in,-3.0298959197998045
2out_0in,-2.0418959197998046
2out_1in,-3.2478959197998045
2out_2in,-4.012895919799805
2out_3in,-4.270895919799805
3out_0in,-4.093895919799804
3out_1in,-4.598895919799804
3out_2in,-5.630895919799804
3out_3in,-6.322895919799804
