alternative,probability_1,probability_2
person_id,1180753.0,1180754.0
free,0.08239063219416742,0.08239063219416742
pay,0.9176093678058325,0.9176093678058325
