person_id,rand
1180753,0.10853295038482291
1180754,0.34873536278930195
