tour_id,rand
48410912,0.6673766296612169
48410953,0.34827283885218374
