person_id,rand
1180753,0.5071821516121889
1180754,0.37174715534614056
