trip_id,rand
387287301,0.32790327003196673
387287625,0.48321986588678956
