,0_days,1_days,2-3_days,4+_days
0,0.038835,0.07322,0.411003,0.476942