education_category,workers_category,rate
0,0,0.32408175389052746
0,1,0.24633055766457115
1,0,0.7132718348114186
1,1,0.5408463754106257
2,0,0.902291182022991
2,1,0.7835837017466228
